{"__meta":{"schema_version":3,"schema_name":"GBMModelV3","schema_type":"GBMModel"},"model_id":{"__meta":{"schema_version":3,"schema_name":"ModelKeyV3","schema_type":"Key<Model>"},"name":"categorie_classifier_1","type":"Key<Model>","URL":"/3/Models/categorie_classifier_1"},"algo":"gbm","algo_full_name":"Gradient Boosting Machine","response_column_name":"categorie","data_frame":{"__meta":{"schema_version":3,"schema_name":"FrameKeyV3","schema_type":"Key<Frame>"},"name":"RTMP_sid_a3e1_217","type":"Key<Frame>","URL":"/3/Frames/RTMP_sid_a3e1_217"},"timestamp":0,"have_pojo":true,"have_mojo":true,"algo":"gbm","algo_full_name":"Gradient Boosting Machine","model_id":{"__meta":{"schema_version":3,"schema_name":"ModelKeyV3","schema_type":"Key<Model>"},"name":"categorie_classifier_1","type":"Key<Model>","URL":"/3/Models/categorie_classifier_1"},"parameters":[{"__meta":{"schema_version":3,"schema_name":"ModelParameterSchemaV3","schema_type":"Iced"},"name":"model_id","label":"model_id","help":"Destination id for this model; auto-generated if not specified.","required":false,"type":"Key<Model>","default_value":null,"actual_value":{"__meta":{"schema_version":3,"schema_name":"ModelKeyV3","schema_type":"Key<Model>"},"name":"categorie_classifier_1","type":"Key<Model>","URL":"/3/Models/categorie_classifier_1"},"level":"critical","values":[],"is_member_of_frames":[],"is_mutually_exclusive_with":[],"gridable":false},{"__meta":{"schema_version":3,"schema_name":"ModelParameterSchemaV3","schema_type":"Iced"},"name":"training_frame","label":"training_frame","help":"Id of the training data frame.","required":false,"type":"Key<Frame>","default_value":null,"actual_value":{"__meta":{"schema_version":3,"schema_name":"FrameKeyV3","schema_type":"Key<Frame>"},"name":"RTMP_sid_a3e1_217","type":"Key<Frame>","URL":"/3/Frames/RTMP_sid_a3e1_217"},"level":"critical","values":[],"is_member_of_frames":[],"is_mutually_exclusive_with":[],"gridable":false},{"__meta":{"schema_version":3,"schema_name":"ModelParameterSchemaV3","schema_type":"Iced"},"name":"validation_frame","label":"validation_frame","help":"Id of the validation data frame.","required":false,"type":"Key<Frame>","default_value":null,"actual_value":{"__meta":{"schema_version":3,"schema_name":"FrameKeyV3","schema_type":"Key<Frame>"},"name":"RTMP_sid_a3e1_219","type":"Key<Frame>","URL":"/3/Frames/RTMP_sid_a3e1_219"},"level":"critical","values":[],"is_member_of_frames":[],"is_mutually_exclusive_with":[],"gridable":true},{"__meta":{"schema_version":3,"schema_name":"ModelParameterSchemaV3","schema_type":"Iced"},"name":"nfolds","label":"nfolds","help":"Number of folds for K-fold cross-validation (0 to disable or >= 2).","required":false,"type":"int","default_value":0,"actual_value":0,"level":"critical","values":[],"is_member_of_frames":[],"is_mutually_exclusive_with":[],"gridable":false},{"__meta":{"schema_version":3,"schema_name":"ModelParameterSchemaV3","schema_type":"Iced"},"name":"keep_cross_validation_models","label":"keep_cross_validation_models","help":"Whether to keep the cross-validation models.","required":false,"type":"boolean","default_value":true,"actual_value":true,"level":"expert","values":[],"is_member_of_frames":[],"is_mutually_exclusive_with":[],"gridable":false},{"__meta":{"schema_version":3,"schema_name":"ModelParameterSchemaV3","schema_type":"Iced"},"name":"keep_cross_validation_predictions","label":"keep_cross_validation_predictions","help":"Whether to keep the predictions of the cross-validation models.","required":false,"type":"boolean","default_value":false,"actual_value":false,"level":"expert","values":[],"is_member_of_frames":[],"is_mutually_exclusive_with":[],"gridable":false},{"__meta":{"schema_version":3,"schema_name":"ModelParameterSchemaV3","schema_type":"Iced"},"name":"keep_cross_validation_fold_assignment","label":"keep_cross_validation_fold_assignment","help":"Whether to keep the cross-validation fold assignment.","required":false,"type":"boolean","default_value":false,"actual_value":false,"level":"expert","values":[],"is_member_of_frames":[],"is_mutually_exclusive_with":[],"gridable":false},{"__meta":{"schema_version":3,"schema_name":"ModelParameterSchemaV3","schema_type":"Iced"},"name":"score_each_iteration","label":"score_each_iteration","help":"Whether to score during each iteration of model training.","required":false,"type":"boolean","default_value":false,"actual_value":false,"level":"secondary","values":[],"is_member_of_frames":[],"is_mutually_exclusive_with":[],"gridable":false},{"__meta":{"schema_version":3,"schema_name":"ModelParameterSchemaV3","schema_type":"Iced"},"name":"score_tree_interval","label":"score_tree_interval","help":"Score the model after every so many trees. Disabled if set to 0.","required":false,"type":"int","default_value":0,"actual_value":0,"level":"secondary","values":[],"is_member_of_frames":[],"is_mutually_exclusive_with":[],"gridable":false},{"__meta":{"schema_version":3,"schema_name":"ModelParameterSchemaV3","schema_type":"Iced"},"name":"fold_assignment","label":"fold_assignment","help":"Cross-validation fold assignment scheme, if fold_column is not specified. The 'Stratified' option will stratify the folds based on the response variable, for classification problems.","required":false,"type":"enum","default_value":"AUTO","actual_value":"AUTO","level":"secondary","values":["AUTO","Random","Modulo","Stratified"],"is_member_of_frames":[],"is_mutually_exclusive_with":[],"gridable":true},{"__meta":{"schema_version":3,"schema_name":"ModelParameterSchemaV3","schema_type":"Iced"},"name":"fold_column","label":"fold_column","help":"Column with cross-validation fold index assignment per observation.","required":false,"type":"VecSpecifier","default_value":null,"actual_value":null,"level":"secondary","values":[],"is_member_of_frames":["training_frame"],"is_mutually_exclusive_with":["response_column","weights_column","ignored_columns","offset_column"],"gridable":true},{"__meta":{"schema_version":3,"schema_name":"ModelParameterSchemaV3","schema_type":"Iced"},"name":"response_column","label":"response_column","help":"Response variable column.","required":false,"type":"VecSpecifier","default_value":null,"actual_value":{"__meta":{"schema_version":3,"schema_name":"ColSpecifierV3","schema_type":"VecSpecifier"},"column_name":"categorie","is_member_of_frames":null},"level":"critical","values":[],"is_member_of_frames":["training_frame","validation_frame"],"is_mutually_exclusive_with":["weights_column","ignored_columns","offset_column","fold_column"],"gridable":true},{"__meta":{"schema_version":3,"schema_name":"ModelParameterSchemaV3","schema_type":"Iced"},"name":"ignored_columns","label":"ignored_columns","help":"Names of columns to ignore for training.","required":false,"type":"string[]","default_value":null,"actual_value":["is_vaste_last"],"level":"critical","values":[],"is_member_of_frames":["training_frame","validation_frame"],"is_mutually_exclusive_with":["response_column","weights_column","offset_column","fold_column"],"gridable":false},{"__meta":{"schema_version":3,"schema_name":"ModelParameterSchemaV3","schema_type":"Iced"},"name":"ignore_const_cols","label":"ignore_const_cols","help":"Ignore constant columns.","required":false,"type":"boolean","default_value":true,"actual_value":true,"level":"critical","values":[],"is_member_of_frames":[],"is_mutually_exclusive_with":[],"gridable":false},{"__meta":{"schema_version":3,"schema_name":"ModelParameterSchemaV3","schema_type":"Iced"},"name":"offset_column","label":"offset_column","help":"Offset column. This will be added to the combination of columns before applying the link function.","required":false,"type":"VecSpecifier","default_value":null,"actual_value":null,"level":"secondary","values":[],"is_member_of_frames":["training_frame","validation_frame"],"is_mutually_exclusive_with":["response_column","weights_column","ignored_columns","fold_column"],"gridable":true},{"__meta":{"schema_version":3,"schema_name":"ModelParameterSchemaV3","schema_type":"Iced"},"name":"weights_column","label":"weights_column","help":"Column with observation weights. Giving some observation a weight of zero is equivalent to excluding it from the dataset; giving an observation a relative weight of 2 is equivalent to repeating that row twice. Negative weights are not allowed. Note: Weights are per-row observation weights and do not increase the size of the data frame. This is typically the number of times a row is repeated, but non-integer values are supported as well. During training, rows with higher weights matter more, due to the larger loss function pre-factor.","required":false,"type":"VecSpecifier","default_value":null,"actual_value":null,"level":"secondary","values":[],"is_member_of_frames":["training_frame","validation_frame"],"is_mutually_exclusive_with":["response_column","ignored_columns","offset_column","fold_column"],"gridable":true},{"__meta":{"schema_version":3,"schema_name":"ModelParameterSchemaV3","schema_type":"Iced"},"name":"balance_classes","label":"balance_classes","help":"Balance training data class counts via over/under-sampling (for imbalanced data).","required":false,"type":"boolean","default_value":false,"actual_value":false,"level":"secondary","values":[],"is_member_of_frames":[],"is_mutually_exclusive_with":[],"gridable":true},{"__meta":{"schema_version":3,"schema_name":"ModelParameterSchemaV3","schema_type":"Iced"},"name":"class_sampling_factors","label":"class_sampling_factors","help":"Desired over/under-sampling ratios per class (in lexicographic order). If not specified, sampling factors will be automatically computed to obtain class balance during training. Requires balance_classes.","required":false,"type":"float[]","default_value":null,"actual_value":null,"level":"expert","values":[],"is_member_of_frames":[],"is_mutually_exclusive_with":[],"gridable":true},{"__meta":{"schema_version":3,"schema_name":"ModelParameterSchemaV3","schema_type":"Iced"},"name":"max_after_balance_size","label":"max_after_balance_size","help":"Maximum relative size of the training data after balancing class counts (can be less than 1.0). Requires balance_classes.","required":false,"type":"float","default_value":5.0,"actual_value":5.0,"level":"expert","values":[],"is_member_of_frames":[],"is_mutually_exclusive_with":[],"gridable":true},{"__meta":{"schema_version":3,"schema_name":"ModelParameterSchemaV3","schema_type":"Iced"},"name":"max_confusion_matrix_size","label":"max_confusion_matrix_size","help":"[Deprecated] Maximum size (# classes) for confusion matrices to be printed in the Logs","required":false,"type":"int","default_value":20,"actual_value":20,"level":"secondary","values":[],"is_member_of_frames":[],"is_mutually_exclusive_with":[],"gridable":false},{"__meta":{"schema_version":3,"schema_name":"ModelParameterSchemaV3","schema_type":"Iced"},"name":"max_hit_ratio_k","label":"max_hit_ratio_k","help":"Max. number (top K) of predictions to use for hit ratio computation (for multi-class only, 0 to disable)","required":false,"type":"int","default_value":0,"actual_value":0,"level":"secondary","values":[],"is_member_of_frames":[],"is_mutually_exclusive_with":[],"gridable":false},{"__meta":{"schema_version":3,"schema_name":"ModelParameterSchemaV3","schema_type":"Iced"},"name":"ntrees","label":"ntrees","help":"Number of trees.","required":false,"type":"int","default_value":50,"actual_value":50,"level":"critical","values":[],"is_member_of_frames":[],"is_mutually_exclusive_with":[],"gridable":true},{"__meta":{"schema_version":3,"schema_name":"ModelParameterSchemaV3","schema_type":"Iced"},"name":"max_depth","label":"max_depth","help":"Maximum tree depth.","required":false,"type":"int","default_value":5,"actual_value":5,"level":"critical","values":[],"is_member_of_frames":[],"is_mutually_exclusive_with":[],"gridable":true},{"__meta":{"schema_version":3,"schema_name":"ModelParameterSchemaV3","schema_type":"Iced"},"name":"min_rows","label":"min_rows","help":"Fewest allowed (weighted) observations in a leaf.","required":false,"type":"double","default_value":10.0,"actual_value":10.0,"level":"critical","values":[],"is_member_of_frames":[],"is_mutually_exclusive_with":[],"gridable":true},{"__meta":{"schema_version":3,"schema_name":"ModelParameterSchemaV3","schema_type":"Iced"},"name":"nbins","label":"nbins","help":"For numerical columns (real/int), build a histogram of (at least) this many bins, then split at the best point","required":false,"type":"int","default_value":20,"actual_value":20,"level":"critical","values":[],"is_member_of_frames":[],"is_mutually_exclusive_with":[],"gridable":true},{"__meta":{"schema_version":3,"schema_name":"ModelParameterSchemaV3","schema_type":"Iced"},"name":"nbins_top_level","label":"nbins_top_level","help":"For numerical columns (real/int), build a histogram of (at most) this many bins at the root level, then decrease by factor of two per level","required":false,"type":"int","default_value":1024,"actual_value":1024,"level":"secondary","values":[],"is_member_of_frames":[],"is_mutually_exclusive_with":[],"gridable":true},{"__meta":{"schema_version":3,"schema_name":"ModelParameterSchemaV3","schema_type":"Iced"},"name":"nbins_cats","label":"nbins_cats","help":"For categorical columns (factors), build a histogram of this many bins, then split at the best point. Higher values can lead to more overfitting.","required":false,"type":"int","default_value":1024,"actual_value":1024,"level":"secondary","values":[],"is_member_of_frames":[],"is_mutually_exclusive_with":[],"gridable":true},{"__meta":{"schema_version":3,"schema_name":"ModelParameterSchemaV3","schema_type":"Iced"},"name":"r2_stopping","label":"r2_stopping","help":"r2_stopping is no longer supported and will be ignored if set - please use stopping_rounds, stopping_metric and stopping_tolerance instead. Previous version of H2O would stop making trees when the R^2 metric equals or exceeds this","required":false,"type":"double","default_value":1.7976931348623157E308,"actual_value":1.7976931348623157E308,"level":"secondary","values":[],"is_member_of_frames":[],"is_mutually_exclusive_with":[],"gridable":true},{"__meta":{"schema_version":3,"schema_name":"ModelParameterSchemaV3","schema_type":"Iced"},"name":"stopping_rounds","label":"stopping_rounds","help":"Early stopping based on convergence of stopping_metric. Stop if simple moving average of length k of the stopping_metric does not improve for k:=stopping_rounds scoring events (0 to disable)","required":false,"type":"int","default_value":0,"actual_value":0,"level":"secondary","values":[],"is_member_of_frames":[],"is_mutually_exclusive_with":[],"gridable":true},{"__meta":{"schema_version":3,"schema_name":"ModelParameterSchemaV3","schema_type":"Iced"},"name":"stopping_metric","label":"stopping_metric","help":"Metric to use for early stopping (AUTO: logloss for classification, deviance for regression)","required":false,"type":"enum","default_value":"AUTO","actual_value":"AUTO","level":"secondary","values":["AUTO","deviance","logloss","MSE","RMSE","MAE","RMSLE","AUC","lift_top_group","misclassification","mean_per_class_error"],"is_member_of_frames":[],"is_mutually_exclusive_with":[],"gridable":true},{"__meta":{"schema_version":3,"schema_name":"ModelParameterSchemaV3","schema_type":"Iced"},"name":"stopping_tolerance","label":"stopping_tolerance","help":"Relative tolerance for metric-based stopping criterion (stop if relative improvement is not at least this much)","required":false,"type":"double","default_value":0.001,"actual_value":0.001,"level":"secondary","values":[],"is_member_of_frames":[],"is_mutually_exclusive_with":[],"gridable":true},{"__meta":{"schema_version":3,"schema_name":"ModelParameterSchemaV3","schema_type":"Iced"},"name":"max_runtime_secs","label":"max_runtime_secs","help":"Maximum allowed runtime in seconds for model training. Use 0 to disable.","required":false,"type":"double","default_value":0.0,"actual_value":0.0,"level":"secondary","values":[],"is_member_of_frames":[],"is_mutually_exclusive_with":[],"gridable":true},{"__meta":{"schema_version":3,"schema_name":"ModelParameterSchemaV3","schema_type":"Iced"},"name":"seed","label":"seed","help":"Seed for pseudo random number generator (if applicable)","required":false,"type":"long","default_value":-1,"actual_value":-2138867677532314289,"level":"critical","values":[],"is_member_of_frames":[],"is_mutually_exclusive_with":[],"gridable":true},{"__meta":{"schema_version":3,"schema_name":"ModelParameterSchemaV3","schema_type":"Iced"},"name":"build_tree_one_node","label":"build_tree_one_node","help":"Run on one node only; no network overhead but fewer cpus used.  Suitable for small datasets.","required":false,"type":"boolean","default_value":false,"actual_value":false,"level":"expert","values":[],"is_member_of_frames":[],"is_mutually_exclusive_with":[],"gridable":false},{"__meta":{"schema_version":3,"schema_name":"ModelParameterSchemaV3","schema_type":"Iced"},"name":"learn_rate","label":"learn_rate","help":"Learning rate (from 0.0 to 1.0)","required":false,"type":"double","default_value":0.1,"actual_value":0.1,"level":"critical","values":[],"is_member_of_frames":[],"is_mutually_exclusive_with":[],"gridable":true},{"__meta":{"schema_version":3,"schema_name":"ModelParameterSchemaV3","schema_type":"Iced"},"name":"learn_rate_annealing","label":"learn_rate_annealing","help":"Scale the learning rate by this factor after each tree (e.g., 0.99 or 0.999) ","required":false,"type":"double","default_value":1.0,"actual_value":1.0,"level":"secondary","values":[],"is_member_of_frames":[],"is_mutually_exclusive_with":[],"gridable":true},{"__meta":{"schema_version":3,"schema_name":"ModelParameterSchemaV3","schema_type":"Iced"},"name":"distribution","label":"distribution","help":"Distribution function","required":false,"type":"enum","default_value":"AUTO","actual_value":"multinomial","level":"secondary","values":["AUTO","bernoulli","quasibinomial","ordinal","multinomial","gaussian","poisson","gamma","tweedie","laplace","quantile","huber"],"is_member_of_frames":[],"is_mutually_exclusive_with":[],"gridable":true},{"__meta":{"schema_version":3,"schema_name":"ModelParameterSchemaV3","schema_type":"Iced"},"name":"quantile_alpha","label":"quantile_alpha","help":"Desired quantile for Quantile regression, must be between 0 and 1.","required":false,"type":"double","default_value":0.5,"actual_value":0.5,"level":"secondary","values":[],"is_member_of_frames":[],"is_mutually_exclusive_with":[],"gridable":true},{"__meta":{"schema_version":3,"schema_name":"ModelParameterSchemaV3","schema_type":"Iced"},"name":"tweedie_power","label":"tweedie_power","help":"Tweedie power for Tweedie regression, must be between 1 and 2.","required":false,"type":"double","default_value":1.5,"actual_value":1.5,"level":"secondary","values":[],"is_member_of_frames":[],"is_mutually_exclusive_with":[],"gridable":true},{"__meta":{"schema_version":3,"schema_name":"ModelParameterSchemaV3","schema_type":"Iced"},"name":"huber_alpha","label":"huber_alpha","help":"Desired quantile for Huber/M-regression (threshold between quadratic and linear loss, must be between 0 and 1).","required":false,"type":"double","default_value":0.9,"actual_value":0.9,"level":"secondary","values":[],"is_member_of_frames":[],"is_mutually_exclusive_with":[],"gridable":true},{"__meta":{"schema_version":3,"schema_name":"ModelParameterSchemaV3","schema_type":"Iced"},"name":"checkpoint","label":"checkpoint","help":"Model checkpoint to resume training with.","required":false,"type":"Key<Model>","default_value":null,"actual_value":null,"level":"secondary","values":[],"is_member_of_frames":[],"is_mutually_exclusive_with":[],"gridable":false},{"__meta":{"schema_version":3,"schema_name":"ModelParameterSchemaV3","schema_type":"Iced"},"name":"sample_rate","label":"sample_rate","help":"Row sample rate per tree (from 0.0 to 1.0)","required":false,"type":"double","default_value":1.0,"actual_value":1.0,"level":"critical","values":[],"is_member_of_frames":[],"is_mutually_exclusive_with":[],"gridable":true},{"__meta":{"schema_version":3,"schema_name":"ModelParameterSchemaV3","schema_type":"Iced"},"name":"sample_rate_per_class","label":"sample_rate_per_class","help":"A list of row sample rates per class (relative fraction for each class, from 0.0 to 1.0), for each tree","required":false,"type":"double[]","default_value":null,"actual_value":null,"level":"expert","values":[],"is_member_of_frames":[],"is_mutually_exclusive_with":[],"gridable":true},{"__meta":{"schema_version":3,"schema_name":"ModelParameterSchemaV3","schema_type":"Iced"},"name":"col_sample_rate","label":"col_sample_rate","help":"Column sample rate (from 0.0 to 1.0)","required":false,"type":"double","default_value":1.0,"actual_value":1.0,"level":"critical","values":[],"is_member_of_frames":[],"is_mutually_exclusive_with":[],"gridable":true},{"__meta":{"schema_version":3,"schema_name":"ModelParameterSchemaV3","schema_type":"Iced"},"name":"col_sample_rate_change_per_level","label":"col_sample_rate_change_per_level","help":"Relative change of the column sampling rate for every level (must be > 0.0 and <= 2.0)","required":false,"type":"double","default_value":1.0,"actual_value":1.0,"level":"expert","values":[],"is_member_of_frames":[],"is_mutually_exclusive_with":[],"gridable":true},{"__meta":{"schema_version":3,"schema_name":"ModelParameterSchemaV3","schema_type":"Iced"},"name":"col_sample_rate_per_tree","label":"col_sample_rate_per_tree","help":"Column sample rate per tree (from 0.0 to 1.0)","required":false,"type":"double","default_value":1.0,"actual_value":1.0,"level":"secondary","values":[],"is_member_of_frames":[],"is_mutually_exclusive_with":[],"gridable":true},{"__meta":{"schema_version":3,"schema_name":"ModelParameterSchemaV3","schema_type":"Iced"},"name":"min_split_improvement","label":"min_split_improvement","help":"Minimum relative improvement in squared error reduction for a split to happen","required":false,"type":"double","default_value":1.0E-5,"actual_value":1.0E-5,"level":"secondary","values":[],"is_member_of_frames":[],"is_mutually_exclusive_with":[],"gridable":true},{"__meta":{"schema_version":3,"schema_name":"ModelParameterSchemaV3","schema_type":"Iced"},"name":"histogram_type","label":"histogram_type","help":"What type of histogram to use for finding optimal split points","required":false,"type":"enum","default_value":"AUTO","actual_value":"AUTO","level":"secondary","values":["AUTO","UniformAdaptive","Random","QuantilesGlobal","RoundRobin"],"is_member_of_frames":[],"is_mutually_exclusive_with":[],"gridable":true},{"__meta":{"schema_version":3,"schema_name":"ModelParameterSchemaV3","schema_type":"Iced"},"name":"max_abs_leafnode_pred","label":"max_abs_leafnode_pred","help":"Maximum absolute value of a leaf node prediction","required":false,"type":"double","default_value":1.7976931348623157E308,"actual_value":1.7976931348623157E308,"level":"expert","values":[],"is_member_of_frames":[],"is_mutually_exclusive_with":[],"gridable":true},{"__meta":{"schema_version":3,"schema_name":"ModelParameterSchemaV3","schema_type":"Iced"},"name":"pred_noise_bandwidth","label":"pred_noise_bandwidth","help":"Bandwidth (sigma) of Gaussian multiplicative noise ~N(1,sigma) for tree node predictions","required":false,"type":"double","default_value":0.0,"actual_value":0.0,"level":"expert","values":[],"is_member_of_frames":[],"is_mutually_exclusive_with":[],"gridable":true},{"__meta":{"schema_version":3,"schema_name":"ModelParameterSchemaV3","schema_type":"Iced"},"name":"categorical_encoding","label":"categorical_encoding","help":"Encoding scheme for categorical features","required":false,"type":"enum","default_value":"AUTO","actual_value":"AUTO","level":"secondary","values":["AUTO","Enum","OneHotInternal","OneHotExplicit","Binary","Eigen","LabelEncoder","SortByResponse","EnumLimited"],"is_member_of_frames":[],"is_mutually_exclusive_with":[],"gridable":true},{"__meta":{"schema_version":3,"schema_name":"ModelParameterSchemaV3","schema_type":"Iced"},"name":"calibrate_model","label":"calibrate_model","help":"Use Platt Scaling to calculate calibrated class probabilities. Calibration can provide more accurate estimates of class probabilities.","required":false,"type":"boolean","default_value":false,"actual_value":false,"level":"expert","values":[],"is_member_of_frames":[],"is_mutually_exclusive_with":[],"gridable":false},{"__meta":{"schema_version":3,"schema_name":"ModelParameterSchemaV3","schema_type":"Iced"},"name":"calibration_frame","label":"calibration_frame","help":"Calibration frame for Platt Scaling","required":false,"type":"Key<Frame>","default_value":null,"actual_value":null,"level":"expert","values":[],"is_member_of_frames":[],"is_mutually_exclusive_with":[],"gridable":false},{"__meta":{"schema_version":3,"schema_name":"ModelParameterSchemaV3","schema_type":"Iced"},"name":"custom_metric_func","label":"custom_metric_func","help":"Reference to custom evaluation function, format: `language:keyName=funcName`","required":false,"type":"string","default_value":null,"actual_value":null,"level":"secondary","values":[],"is_member_of_frames":[],"is_mutually_exclusive_with":[],"gridable":false}],"output":{"__meta":{"schema_version":3,"schema_name":"GBMModelOutputV3","schema_type":"GBMOutput"},"names":["bedrag","dag","maand","C1","C2","C3","C4","C5","C6","C7","C8","C9","C10","C11","C12","C13","C14","C15","C16","C17","C18","C19","C20","C21","C22","C23","C24","C25","C26","C27","C28","C29","C30","C31","C32","C33","C34","C35","C36","C37","C38","C39","C40","C41","C42","C43","C44","C45","C46","C47","C48","C49","C50","C51","C52","C53","C54","C55","C56","C57","C58","C59","C60","C61","C62","C63","C64","C65","C66","C67","C68","C69","C70","C71","C72","C73","C74","C75","C76","C77","C78","C79","C80","C81","C82","C83","C84","C85","C86","C87","C88","C89","C90","C91","C92","C93","C94","C95","C96","C97","C98","C99","C100","categorie"],"domains":[null,null,null,null,null,null,null,null,null,null,null,null,null,null,null,null,null,null,null,null,null,null,null,null,null,null,null,null,null,null,null,null,null,null,null,null,null,null,null,null,null,null,null,null,null,null,null,null,null,null,null,null,null,null,null,null,null,null,null,null,null,null,null,null,null,null,null,null,null,null,null,null,null,null,null,null,null,null,null,null,null,null,null,null,null,null,null,null,null,null,null,null,null,null,null,null,null,null,null,null,null,null,null,["boodschappen","consumptie","educatie","huishouden","inkomsten","kleding","medische kosten","overige uitgaven","telecom","vervoer","verzekeringen","vrije tijd"]],"cross_validation_models":null,"cross_validation_predictions":null,"cross_validation_holdout_predictions_frame_id":null,"cross_validation_fold_assignment_frame_id":null,"model_category":"Multinomial","model_summary":{"__meta":{"schema_version":3,"schema_name":"TwoDimTableV3","schema_type":"TwoDimTable"},"name":"Model Summary","description":"","columns":[{"__meta":{"schema_version":-1,"schema_name":"ColumnSpecsBase","schema_type":"Iced"},"name":"","type":"string","format":"%s","description":""},{"__meta":{"schema_version":-1,"schema_name":"ColumnSpecsBase","schema_type":"Iced"},"name":"number_of_trees","type":"long","format":"%d","description":"Number of Trees"},{"__meta":{"schema_version":-1,"schema_name":"ColumnSpecsBase","schema_type":"Iced"},"name":"number_of_internal_trees","type":"long","format":"%d","description":"Number of Internal Trees"},{"__meta":{"schema_version":-1,"schema_name":"ColumnSpecsBase","schema_type":"Iced"},"name":"model_size_in_bytes","type":"long","format":"%d","description":"Model Size in Bytes"},{"__meta":{"schema_version":-1,"schema_name":"ColumnSpecsBase","schema_type":"Iced"},"name":"min_depth","type":"long","format":"%d","description":"Min. Depth"},{"__meta":{"schema_version":-1,"schema_name":"ColumnSpecsBase","schema_type":"Iced"},"name":"max_depth","type":"long","format":"%d","description":"Max. Depth"},{"__meta":{"schema_version":-1,"schema_name":"ColumnSpecsBase","schema_type":"Iced"},"name":"mean_depth","type":"double","format":"%.5f","description":"Mean Depth"},{"__meta":{"schema_version":-1,"schema_name":"ColumnSpecsBase","schema_type":"Iced"},"name":"min_leaves","type":"long","format":"%d","description":"Min. Leaves"},{"__meta":{"schema_version":-1,"schema_name":"ColumnSpecsBase","schema_type":"Iced"},"name":"max_leaves","type":"long","format":"%d","description":"Max. Leaves"},{"__meta":{"schema_version":-1,"schema_name":"ColumnSpecsBase","schema_type":"Iced"},"name":"mean_leaves","type":"double","format":"%.5f","description":"Mean Leaves"}],"rowcount":1,"data":[[""],[50],[600],[186369],[5],[5],[5.0],[8],[30],[20.075]]},"scoring_history":{"__meta":{"schema_version":3,"schema_name":"TwoDimTableV3","schema_type":"TwoDimTable"},"name":"Scoring History","description":"","columns":[{"__meta":{"schema_version":-1,"schema_name":"ColumnSpecsBase","schema_type":"Iced"},"name":"","type":"string","format":"%s","description":""},{"__meta":{"schema_version":-1,"schema_name":"ColumnSpecsBase","schema_type":"Iced"},"name":"timestamp","type":"string","format":"%s","description":"Timestamp"},{"__meta":{"schema_version":-1,"schema_name":"ColumnSpecsBase","schema_type":"Iced"},"name":"duration","type":"string","format":"%s","description":"Duration"},{"__meta":{"schema_version":-1,"schema_name":"ColumnSpecsBase","schema_type":"Iced"},"name":"number_of_trees","type":"long","format":"%d","description":"Number of Trees"},{"__meta":{"schema_version":-1,"schema_name":"ColumnSpecsBase","schema_type":"Iced"},"name":"training_rmse","type":"double","format":"%.5f","description":"Training RMSE"},{"__meta":{"schema_version":-1,"schema_name":"ColumnSpecsBase","schema_type":"Iced"},"name":"training_logloss","type":"double","format":"%.5f","description":"Training LogLoss"},{"__meta":{"schema_version":-1,"schema_name":"ColumnSpecsBase","schema_type":"Iced"},"name":"training_classification_error","type":"double","format":"%.5f","description":"Training Classification Error"},{"__meta":{"schema_version":-1,"schema_name":"ColumnSpecsBase","schema_type":"Iced"},"name":"validation_rmse","type":"double","format":"%.5f","description":"Validation RMSE"},{"__meta":{"schema_version":-1,"schema_name":"ColumnSpecsBase","schema_type":"Iced"},"name":"validation_logloss","type":"double","format":"%.5f","description":"Validation LogLoss"},{"__meta":{"schema_version":-1,"schema_name":"ColumnSpecsBase","schema_type":"Iced"},"name":"validation_classification_error","type":"double","format":"%.5f","description":"Validation Classification Error"}],"rowcount":36,"data":[["","","","","","","","","","","","","","","","","","","","","","","","","","","","","","","","","","","",""],["2018-12-22 22:42:13","2018-12-22 22:42:14","2018-12-22 22:42:15","2018-12-22 22:42:15","2018-12-22 22:42:15","2018-12-22 22:42:15","2018-12-22 22:42:15","2018-12-22 22:42:15","2018-12-22 22:42:15","2018-12-22 22:42:15","2018-12-22 22:42:15","2018-12-22 22:42:15","2018-12-22 22:42:16","2018-12-22 22:42:16","2018-12-22 22:42:16","2018-12-22 22:42:16","2018-12-22 22:42:16","2018-12-22 22:42:16","2018-12-22 22:42:16","2018-12-22 22:42:16","2018-12-22 22:42:16","2018-12-22 22:42:16","2018-12-22 22:42:16","2018-12-22 22:42:16","2018-12-22 22:42:17","2018-12-22 22:42:17","2018-12-22 22:42:17","2018-12-22 22:42:17","2018-12-22 22:42:17","2018-12-22 22:42:17","2018-12-22 22:42:17","2018-12-22 22:42:17","2018-12-22 22:42:17","2018-12-22 22:42:17","2018-12-22 22:42:17","2018-12-22 22:42:18"],[" 0.028 sec"," 0.943 sec"," 1.387 sec"," 1.525 sec"," 1.623 sec"," 1.711 sec"," 1.793 sec"," 1.873 sec"," 1.950 sec"," 2.032 sec"," 2.111 sec"," 2.187 sec"," 2.265 sec"," 2.342 sec"," 2.441 sec"," 2.516 sec"," 2.593 sec"," 2.668 sec"," 2.768 sec"," 2.873 sec"," 2.952 sec"," 3.028 sec"," 3.105 sec"," 3.180 sec"," 3.256 sec"," 3.334 sec"," 3.417 sec"," 3.497 sec"," 3.574 sec"," 3.651 sec"," 3.726 sec"," 3.802 sec"," 3.875 sec"," 3.946 sec"," 4.021 sec"," 5.142 sec"],[0,1,2,3,4,5,6,7,8,9,10,11,12,13,14,15,16,17,18,19,20,21,22,23,24,25,26,27,28,29,30,31,32,33,34,50],[0.9166666666666753,0.8100673244278799,0.7373367170933208,0.6756271958449709,0.6203424411204942,0.5723500177056372,0.5256281198136334,0.4853049601345776,0.4509650347239711,0.42073001772975627,0.39503157501294556,0.3714177334125881,0.3520029246408636,0.3354072901336533,0.3202476316745945,0.3074214426902016,0.29463224745401667,0.28287091033914075,0.2727068600471479,0.2645913508650335,0.25659864755020056,0.2506257593196459,0.24429532148259453,0.23807519755432946,0.23066291254488946,0.22554878632115344,0.21996474430654694,0.21499046463148067,0.21022300531003207,0.20584121645075698,0.2019744840005566,0.19791356176374475,0.1943060447568497,0.18995731344352232,0.18657285153234354,0.14172227083883124],[2.484906649787994,1.704985718968371,1.3977927154028356,1.1947064880633986,1.0375708594325888,0.9149235203419379,0.7995828627393994,0.7088037666131938,0.6329930692070732,0.5686237875030881,0.5157007300075467,0.4676312629139811,0.42774947975491706,0.39379017444268855,0.3632615656245765,0.33729976984463206,0.3120696896613176,0.28828990858103803,0.2681127611099111,0.25188540968602036,0.23642563353267676,0.22440550129270326,0.21274598678414755,0.20130808524714552,0.18876018676910364,0.18000210892792282,0.17105299088254677,0.16328018326558316,0.15618410308502656,0.14971238564756126,0.1439566523951757,0.1385021463850269,0.13361405979643134,0.12799972887397387,0.12352722264176547,0.07635964250334183],[0.8121445978878961,0.12266450040617384,0.1165718927701056,0.11697806661251016,0.10987002437043054,0.10560519902518278,0.08976441917140536,0.08509341998375304,0.08245329000812347,0.07696994313566206,0.07493907392363931,0.07087733549959382,0.06539398862713242,0.06478472786352558,0.06295694557270512,0.062144597887896016,0.059098294069861904,0.05727051177904143,0.05402112103980504,0.05097481722177092,0.04935012185215272,0.047116165718927704,0.047116165718927704,0.0463038180341186,0.04325751421608449,0.04305442729488221,0.04163281884646629,0.039601949634443544,0.03919577579203899,0.037977254264825344,0.0359463850528026,0.03472786352558895,0.03330625507717303,0.03147847278635256,0.03066612510154346,0.016043866774979692],[0.916666666666679,0.8148816528653627,0.7451339165939089,0.6860649101119383,0.6332293709400939,0.587950215958028,0.5432800792464351,0.5049297260862996,0.4730308782117658,0.44492003009044284,0.42099448229151426,0.3999897297101184,0.38304546316877575,0.3692036530998548,0.3558121977501115,0.3455219503245303,0.3360424903346924,0.3268494244512984,0.3198941312533747,0.3141367734701638,0.3085949133506645,0.3045968933889284,0.3013307829889279,0.2976891206994811,0.2934017175109413,0.29073002930429154,0.28805441058061376,0.2857161006093619,0.2826388863748656,0.28107445209548587,0.2796135689340815,0.2782069792527842,0.277043739694265,0.2748893648827198,0.27416669527888954,0.2632222712924672],[2.4849066497880283,1.7395978920370516,1.4435762767746556,1.2472794025464171,1.095267944302529,0.9776235274357082,0.863459078990561,0.7751922801639164,0.7032207272257934,0.6418751960966188,0.5908922951798142,0.5470308032556105,0.5115145640033083,0.4821500354907264,0.45448599091732533,0.4324957252245088,0.4130299832666941,0.3930657217583686,0.3785659322345223,0.3659666326122969,0.35382718811605857,0.34494908055821816,0.3379473734903942,0.3299520838370121,0.3213620829230863,0.3163243244809482,0.3106791784180024,0.306604345744886,0.3014204883586422,0.2981386491948763,0.29601453893985596,0.29401285036164004,0.2926409799724571,0.28989797700121633,0.28915383418042095,0.27820037458246255],[0.8221311475409836,0.16311475409836065,0.15327868852459017,0.15327868852459017,0.13852459016393442,0.13442622950819672,0.11885245901639344,0.11475409836065574,0.11147540983606558,0.10491803278688525,0.10163934426229508,0.09836065573770492,0.08934426229508197,0.09016393442622951,0.08852459016393442,0.08934426229508197,0.09016393442622951,0.08852459016393442,0.08524590163934426,0.08196721311475409,0.08442622950819673,0.08196721311475409,0.08196721311475409,0.08196721311475409,0.08032786885245902,0.08032786885245902,0.08196721311475409,0.07868852459016394,0.07950819672131147,0.07868852459016394,0.07704918032786885,0.0778688524590164,0.0778688524590164,0.07622950819672131,0.07540983606557378,0.07049180327868852]]},"training_metrics":{"__meta":{"schema_version":3,"schema_name":"ModelMetricsMultinomialV3","schema_type":"ModelMetricsMultinomial"},"model":{"__meta":{"schema_version":3,"schema_name":"ModelKeyV3","schema_type":"Key<Model>"},"name":"categorie_classifier_1","type":"Key<Model>","URL":"/3/Models/categorie_classifier_1"},"model_checksum":7177036954462930438,"frame":{"__meta":{"schema_version":3,"schema_name":"FrameKeyV3","schema_type":"Key<Frame>"},"name":"RTMP_sid_a3e1_217","type":"Key<Frame>","URL":"/3/Frames/RTMP_sid_a3e1_217"},"frame_checksum":-3931762903816114214,"description":null,"model_category":"Multinomial","scoring_time":1545514938945,"predictions":null,"MSE":0.02008520205171503,"RMSE":0.14172227083883124,"nobs":4924,"custom_metric_name":null,"custom_metric_value":0.0,"r2":0.9980078037206163,"hit_ratio_table":{"__meta":{"schema_version":3,"schema_name":"TwoDimTableV3","schema_type":"TwoDimTable"},"name":"Top-10 Hit Ratios","description":"","columns":[{"__meta":{"schema_version":-1,"schema_name":"ColumnSpecsBase","schema_type":"Iced"},"name":"k","type":"string","format":"%s","description":"K"},{"__meta":{"schema_version":-1,"schema_name":"ColumnSpecsBase","schema_type":"Iced"},"name":"hit_ratio","type":"float","format":"%f","description":"Hit Ratio"}],"rowcount":10,"data":[["1","2","3","4","5","6","7","8","9","10"],[0.98395616,0.9965475,0.9989846,0.9993907,1.0,1.0,1.0,1.0,1.0,1.0]]},"cm":{"__meta":{"schema_version":3,"schema_name":"ConfusionMatrixV3","schema_type":"ConfusionMatrix"},"table":{"__meta":{"schema_version":3,"schema_name":"TwoDimTableV3","schema_type":"TwoDimTable"},"name":"Confusion Matrix","description":"Row labels: Actual class; Column labels: Predicted class","columns":[{"__meta":{"schema_version":-1,"schema_name":"ColumnSpecsBase","schema_type":"Iced"},"name":"boodschappen","type":"long","format":"%d","description":"boodschappen"},{"__meta":{"schema_version":-1,"schema_name":"ColumnSpecsBase","schema_type":"Iced"},"name":"consumptie","type":"long","format":"%d","description":"consumptie"},{"__meta":{"schema_version":-1,"schema_name":"ColumnSpecsBase","schema_type":"Iced"},"name":"educatie","type":"long","format":"%d","description":"educatie"},{"__meta":{"schema_version":-1,"schema_name":"ColumnSpecsBase","schema_type":"Iced"},"name":"huishouden","type":"long","format":"%d","description":"huishouden"},{"__meta":{"schema_version":-1,"schema_name":"ColumnSpecsBase","schema_type":"Iced"},"name":"inkomsten","type":"long","format":"%d","description":"inkomsten"},{"__meta":{"schema_version":-1,"schema_name":"ColumnSpecsBase","schema_type":"Iced"},"name":"kleding","type":"long","format":"%d","description":"kleding"},{"__meta":{"schema_version":-1,"schema_name":"ColumnSpecsBase","schema_type":"Iced"},"name":"medische kosten","type":"long","format":"%d","description":"medische kosten"},{"__meta":{"schema_version":-1,"schema_name":"ColumnSpecsBase","schema_type":"Iced"},"name":"overige uitgaven","type":"long","format":"%d","description":"overige uitgaven"},{"__meta":{"schema_version":-1,"schema_name":"ColumnSpecsBase","schema_type":"Iced"},"name":"telecom","type":"long","format":"%d","description":"telecom"},{"__meta":{"schema_version":-1,"schema_name":"ColumnSpecsBase","schema_type":"Iced"},"name":"vervoer","type":"long","format":"%d","description":"vervoer"},{"__meta":{"schema_version":-1,"schema_name":"ColumnSpecsBase","schema_type":"Iced"},"name":"verzekeringen","type":"long","format":"%d","description":"verzekeringen"},{"__meta":{"schema_version":-1,"schema_name":"ColumnSpecsBase","schema_type":"Iced"},"name":"vrije tijd","type":"long","format":"%d","description":"vrije tijd"},{"__meta":{"schema_version":-1,"schema_name":"ColumnSpecsBase","schema_type":"Iced"},"name":"Error","type":"double","format":"%.4f","description":"Error"},{"__meta":{"schema_version":-1,"schema_name":"ColumnSpecsBase","schema_type":"Iced"},"name":"Rate","type":"string","format":"= %10s","description":"Rate"}],"rowcount":13,"data":[[1155,1,0,0,0,0,0,0,0,0,0,0,1156],[1,1240,0,17,0,4,1,7,0,0,0,2,1272],[0,0,94,0,0,0,0,0,0,0,0,0,94],[3,4,0,288,1,1,0,8,0,0,0,1,306],[0,0,0,0,625,0,0,7,0,0,0,0,632],[1,0,0,1,1,86,0,1,0,1,0,1,92],[0,0,0,0,0,0,54,0,0,0,0,0,54],[0,3,0,4,2,2,0,905,0,0,0,3,919],[0,0,0,0,0,0,0,0,108,0,0,0,108],[0,0,0,0,0,0,0,0,0,89,0,0,89],[0,0,0,0,0,0,0,0,0,0,77,0,77],[0,0,0,0,0,0,0,1,0,0,0,124,125],[0.004310344827586207,0.00641025641025641,0.0,0.07096774193548387,0.006359300476947536,0.07526881720430108,0.01818181818181818,0.02583423035522067,0.0,0.011111111111111112,0.0,0.05343511450381679,0.016043866774979692],["5 / 1,160","8 / 1,248","0 / 94","22 / 310","4 / 629","7 / 93","1 / 55","24 / 929","0 / 108","1 / 90","0 / 77","7 / 131","79 / 4,924"]]}},"logloss":0.07635964250334183,"mean_per_class_error":0.022656561250545156},"validation_metrics":{"__meta":{"schema_version":3,"schema_name":"ModelMetricsMultinomialV3","schema_type":"ModelMetricsMultinomial"},"model":{"__meta":{"schema_version":3,"schema_name":"ModelKeyV3","schema_type":"Key<Model>"},"name":"categorie_classifier_1","type":"Key<Model>","URL":"/3/Models/categorie_classifier_1"},"model_checksum":7177036954462930438,"frame":{"__meta":{"schema_version":3,"schema_name":"FrameKeyV3","schema_type":"Key<Frame>"},"name":"RTMP_sid_a3e1_219","type":"Key<Frame>","URL":"/3/Frames/RTMP_sid_a3e1_219"},"frame_checksum":-6214331641387750434,"description":null,"model_category":"Multinomial","scoring_time":1545514938976,"predictions":null,"MSE":0.0692859641043652,"RMSE":0.2632222712924672,"nobs":1220,"custom_metric_name":null,"custom_metric_value":0.0,"r2":0.9933627825205115,"hit_ratio_table":{"__meta":{"schema_version":3,"schema_name":"TwoDimTableV3","schema_type":"TwoDimTable"},"name":"Top-10 Hit Ratios","description":"","columns":[{"__meta":{"schema_version":-1,"schema_name":"ColumnSpecsBase","schema_type":"Iced"},"name":"k","type":"string","format":"%s","description":"K"},{"__meta":{"schema_version":-1,"schema_name":"ColumnSpecsBase","schema_type":"Iced"},"name":"hit_ratio","type":"float","format":"%f","description":"Hit Ratio"}],"rowcount":10,"data":[["1","2","3","4","5","6","7","8","9","10"],[0.9295082,0.95819676,0.9729509,0.9819673,0.9893443,0.99344265,0.997541,0.9991804,0.9991804,0.9991804]]},"cm":{"__meta":{"schema_version":3,"schema_name":"ConfusionMatrixV3","schema_type":"ConfusionMatrix"},"table":{"__meta":{"schema_version":3,"schema_name":"TwoDimTableV3","schema_type":"TwoDimTable"},"name":"Confusion Matrix","description":"Row labels: Actual class; Column labels: Predicted class","columns":[{"__meta":{"schema_version":-1,"schema_name":"ColumnSpecsBase","schema_type":"Iced"},"name":"boodschappen","type":"long","format":"%d","description":"boodschappen"},{"__meta":{"schema_version":-1,"schema_name":"ColumnSpecsBase","schema_type":"Iced"},"name":"consumptie","type":"long","format":"%d","description":"consumptie"},{"__meta":{"schema_version":-1,"schema_name":"ColumnSpecsBase","schema_type":"Iced"},"name":"educatie","type":"long","format":"%d","description":"educatie"},{"__meta":{"schema_version":-1,"schema_name":"ColumnSpecsBase","schema_type":"Iced"},"name":"huishouden","type":"long","format":"%d","description":"huishouden"},{"__meta":{"schema_version":-1,"schema_name":"ColumnSpecsBase","schema_type":"Iced"},"name":"inkomsten","type":"long","format":"%d","description":"inkomsten"},{"__meta":{"schema_version":-1,"schema_name":"ColumnSpecsBase","schema_type":"Iced"},"name":"kleding","type":"long","format":"%d","description":"kleding"},{"__meta":{"schema_version":-1,"schema_name":"ColumnSpecsBase","schema_type":"Iced"},"name":"medische kosten","type":"long","format":"%d","description":"medische kosten"},{"__meta":{"schema_version":-1,"schema_name":"ColumnSpecsBase","schema_type":"Iced"},"name":"overige uitgaven","type":"long","format":"%d","description":"overige uitgaven"},{"__meta":{"schema_version":-1,"schema_name":"ColumnSpecsBase","schema_type":"Iced"},"name":"telecom","type":"long","format":"%d","description":"telecom"},{"__meta":{"schema_version":-1,"schema_name":"ColumnSpecsBase","schema_type":"Iced"},"name":"vervoer","type":"long","format":"%d","description":"vervoer"},{"__meta":{"schema_version":-1,"schema_name":"ColumnSpecsBase","schema_type":"Iced"},"name":"verzekeringen","type":"long","format":"%d","description":"verzekeringen"},{"__meta":{"schema_version":-1,"schema_name":"ColumnSpecsBase","schema_type":"Iced"},"name":"vrije tijd","type":"long","format":"%d","description":"vrije tijd"},{"__meta":{"schema_version":-1,"schema_name":"ColumnSpecsBase","schema_type":"Iced"},"name":"Error","type":"double","format":"%.4f","description":"Error"},{"__meta":{"schema_version":-1,"schema_name":"ColumnSpecsBase","schema_type":"Iced"},"name":"Rate","type":"string","format":"= %10s","description":"Rate"}],"rowcount":13,"data":[[293,1,0,0,0,0,0,0,0,2,0,0,296],[1,267,0,7,0,8,0,9,0,5,0,4,301],[0,0,23,0,0,0,0,0,0,0,0,0,23],[2,6,0,69,0,3,0,0,0,1,0,2,83],[1,0,0,0,147,0,0,5,0,0,0,0,153],[0,1,0,0,0,9,0,0,0,2,0,1,13],[0,0,0,0,0,0,20,0,0,0,0,0,20],[1,4,0,0,5,3,0,224,0,0,0,4,241],[0,0,0,0,0,0,0,0,22,0,0,0,22],[0,1,0,0,0,0,0,1,0,11,0,0,13],[0,0,0,0,0,0,2,0,0,0,25,0,27],[0,1,0,0,0,1,1,1,0,0,0,24,28],[0.016778523489932886,0.0498220640569395,0.0,0.09210526315789473,0.03289473684210526,0.625,0.13043478260869565,0.06666666666666667,0.0,0.47619047619047616,0.0,0.3142857142857143,0.07049180327868852],["5 / 298","14 / 281","0 / 23","7 / 76","5 / 152","15 / 24","3 / 23","16 / 240","0 / 22","10 / 21","0 / 25","11 / 35","86 / 1,220"]]}},"logloss":0.27820037458246255,"mean_per_class_error":0.1503481856082021},"cross_validation_metrics":null,"cross_validation_metrics_summary":null,"status":null,"start_time":1545514933831,"end_time":1545514938983,"run_time":5152,"help":{"validation_metrics":"Validation data model metrics", "cross_validation_metrics_summary":"Cross-validation model metrics summary", "run_time":"Runtime in milliseconds", "status":"Job status", "domains":"Domains for categorical columns", "model_category":"Category of the model (e.g., Binomial)", "__meta":"Metadata on this schema instance, to make it self-describing.", "variable_importances":"Variable Importances", "model_summary":"Model summary", "scoring_history":"Scoring history", "help":"Help information for output fields", "end_time":"End time in milliseconds", "names":"Column names", "cross_validation_fold_assignment_frame_id":"Cross-validation fold assignment (each row is assigned to one holdout fold)", "start_time":"Start time in milliseconds", "training_metrics":"Training data model metrics", "cross_validation_models":"Cross-validation models (model ids)", "cross_validation_metrics":"Cross-validation model metrics", "cross_validation_predictions":"Cross-validation predictions, one per cv model (deprecated, use cross_validation_holdout_predictions_frame_id instead)", "init_f":"The Intercept term, the initial model function value to which trees make adjustments", "cross_validation_holdout_predictions_frame_id":"Cross-validation holdout predictions (full out-of-sample predictions on training data)"},"variable_importances":{"__meta":{"schema_version":3,"schema_name":"TwoDimTableV3","schema_type":"TwoDimTable"},"name":"Variable Importances","description":"","columns":[{"__meta":{"schema_version":-1,"schema_name":"ColumnSpecsBase","schema_type":"Iced"},"name":"variable","type":"string","format":"%s","description":"Variable"},{"__meta":{"schema_version":-1,"schema_name":"ColumnSpecsBase","schema_type":"Iced"},"name":"relative_importance","type":"double","format":"%5f","description":"Relative Importance"},{"__meta":{"schema_version":-1,"schema_name":"ColumnSpecsBase","schema_type":"Iced"},"name":"scaled_importance","type":"double","format":"%5f","description":"Scaled Importance"},{"__meta":{"schema_version":-1,"schema_name":"ColumnSpecsBase","schema_type":"Iced"},"name":"percentage","type":"double","format":"%5f","description":"Percentage"}],"rowcount":103,"data":[["C19","C15","bedrag","C10","C30","C81","C1","C11","C60","C90","C2","C84","C38","C86","C65","C59","C70","C67","C25","C92","C20","C39","C80","C17","C42","C63","C58","C48","C40","C45","C18","C98","C27","C7","C96","C61","C49","C44","C3","dag","C5","C78","C83","C35","C29","C13","C14","C21","C87","C85","C56","C89","C16","C36","C73","C97","C12","C8","C34","maand","C100","C26","C52","C64","C66","C37","C32","C71","C6","C28","C75","C22","C79","C53","C4","C93","C82","C99","C51","C91","C69","C33","C76","C41","C46","C74","C55","C24","C43","C88","C47","C62","C68","C9","C72","C50","C31","C57","C54","C95","C94","C23","C77"],[1471.0718994140625,1392.0762939453125,1003.952392578125,736.6172485351562,717.2495727539062,422.11053466796875,350.9073486328125,338.92333984375,307.55999755859375,279.072265625,270.4064636230469,228.8008575439453,226.0117645263672,225.946044921875,221.6862335205078,217.01766967773438,187.57257080078125,169.317138671875,168.60397338867188,152.1386260986328,150.34292602539062,141.89390563964844,138.44728088378906,137.02511596679688,136.5293731689453,126.63753509521484,123.57091522216797,120.89635467529297,111.04981231689453,108.80345153808594,107.87593078613281,107.58125305175781,105.89647674560547,102.68450927734375,94.95516967773438,90.75778198242188,89.58050537109375,85.9258041381836,84.36505126953125,84.27649688720703,83.11288452148438,82.99542999267578,81.61517333984375,79.58279418945312,79.19549560546875,74.14518737792969,73.73658752441406,73.69479370117188,71.83757781982422,64.85169219970703,64.50949096679688,61.539310455322266,59.081058502197266,54.99321746826172,54.6082878112793,54.41945266723633,53.632896423339844,52.1653938293457,49.97767639160156,49.739620208740234,49.71541976928711,49.512428283691406,48.51298904418945,46.925628662109375,46.282962799072266,46.00205993652344,45.965248107910156,45.23991775512695,43.0400390625,42.5373649597168,41.55873107910156,41.300045013427734,40.89873123168945,40.63322830200195,40.54174041748047,39.49022674560547,37.04140090942383,36.4511604309082,35.904659271240234,34.216270446777344,32.52247619628906,30.434215545654297,29.626815795898438,28.3129940032959,27.51766586303711,27.26277732849121,26.62507438659668,26.361684799194336,25.637948989868164,24.77882194519043,22.236467361450195,22.086105346679688,21.86634063720703,21.342016220092773,20.152807235717773,19.914648056030273,18.879188537597656,17.754453659057617,15.239340782165527,15.050127983093262,13.359155654907227,11.870122909545898,7.66533088684082],[1.0,0.9463006495466235,0.682463170547956,0.5007350414541639,0.48756935200760165,0.28694079115786125,0.23853854374662528,0.23039209706795796,0.20907203630298213,0.18970674766893195,0.18381593974485647,0.15553342949116095,0.1536374698044257,0.15359279516648425,0.1506970757913375,0.14752349614194515,0.1275074120275784,0.11509779959722914,0.11461300664898019,0.1034202516948564,0.10219957711466937,0.09645613222315354,0.09411319796057115,0.09314644377434908,0.09280944950639453,0.08608521116177625,0.0840005952607667,0.08218249204776923,0.07548904466268874,0.07396202155817337,0.07333151481521773,0.07313119983775648,0.07198592861965804,0.0698025088496651,0.06454828599170145,0.0616950007804318,0.06089471589170743,0.05841033614496232,0.05734937313610191,0.05728917595446892,0.0564981796978032,0.05641833687784628,0.055480070941706934,0.05409850750405298,0.05383523105635614,0.05040215057296805,0.050124394024373534,0.05009598356852917,0.0488334919920893,0.0440846516241238,0.043852031292618276,0.04183297259626383,0.04016191086630751,0.03738309289312499,0.03712142678616193,0.036993061106606655,0.036458378713305706,0.035460805042991796,0.03397364629934675,0.033811821317878375,0.03379537042960924,0.033657381602770424,0.03297798636729618,0.03189893619802007,0.03146206709373422,0.031271115949428684,0.0312460921360937,0.03075302966030845,0.02925760398226839,0.028915897976611277,0.02825064573366854,0.02807479704416746,0.02780199339541438,0.027621510762449092,0.027559319455173134,0.026844525248109683,0.02517987117025188,0.024778639606552837,0.02440714100075006,0.02325941407786112,0.02210801267378092,0.02068846230954207,0.020139610992296834,0.01924650590808862,0.018705860586418363,0.018532593369059765,0.0180990979415769,0.017920051908879756,0.01742807336614881,0.01684405905317068,0.015115826337453068,0.015013613784259442,0.014864222915220212,0.014507799536238465,0.013699403301595773,0.013537508305312886,0.012833627333318895,0.012069059075990325,0.01035934463042592,0.01023072222988409,0.009081239102064464,0.008069029742376185,0.005210711243885477],[0.10497280058451394,0.09933582937785372,0.07164007030820572,0.052563559652246274,0.05118152035941465,0.03012097844977683,0.025040058984434854,0.024184903661762732,0.021946877174631202,0.0199140485925875,0.01929567398709185,0.0163267796782012,0.01612775548008926,0.016123065858229448,0.015819094085713456,0.015485954542038721,0.013384810135818444,0.012082138364836285,0.01203124829135497,0.0108563134575644,0.010728175828279844,0.010125270333014606,0.00987932596188592,0.009777843067481386,0.009742467835393268,0.009036605704560913,0.008817777735288931,0.008626926349268883,0.007924296431691893,0.007764000539853655,0.007697814481258181,0.00767678685707505,0.007556564529882418,0.007327364841774665,0.006775814353479051,0.0064762970139856995,0.0063922888679508365,0.006131496568219557,0.006020124309862907,0.006013805243119597,0.0059307721508055295,0.005922390826388087,0.005823898423378489,0.005678871840142785,0.005651234974100105,0.00529085490112682,0.005261698018340166,0.0052587156932243,0.005126188416731049,0.004627689343776917,0.004603270536105884,0.00439132429020504,0.004215908260461922,0.00392420795550237,0.0038967401314364113,0.003883265226554559,0.0038271381183065277,0.003722420016344304,0.003566308798110137,0.0035493215766008645,0.0035475946807871504,0.003533109607184508,0.0034617915866130018,0.003348520668372894,0.00330266129500716,0.0032826166186145905,0.003279989798847513,0.0032282316499012017,0.0030712526284113408,0.003035382792020966,0.0029655494009841374,0.0029470900715680925,0.0029184531085488076,0.002899507341109574,0.002892978945412805,0.0028179449956557676,0.0026432015950986027,0.0026010831941742103,0.00256208594510985,0.002441605835707952,0.0023207400057247115,0.0021717258284197926,0.002114111368544061,0.0020203596266384558,0.001963606573099814,0.0019454182280441963,0.0018999129989807388,0.0018811180354949728,0.0018294736700370177,0.0017681680520222627,0.0015867506237916046,0.0015760210858279762,0.0015603391079231739,0.0015229243476376643,0.0014380647309052451,0.0014210701597448109,0.0013471818028364519,0.0012669229316266506,0.0010874494180759555,0.0010739475644731765,9.532831013213034E-4,8.470286500569672E-4,5.469829523078747E-4]]},"init_f":0.0},"compatible_frames":null}
